CREATE DATABASE  IF NOT EXISTS `recruiter` /*!40100 DEFAULT CHARACTER SET latin1 */;
USE `recruiter`;
-- MySQL dump 10.13  Distrib 5.7.12, for Win64 (x86_64)
--
-- Host: localhost    Database: recruiter
-- ------------------------------------------------------
-- Server version	5.7.17

/*!40101 SET @OLD_CHARACTER_SET_CLIENT=@@CHARACTER_SET_CLIENT */;
/*!40101 SET @OLD_CHARACTER_SET_RESULTS=@@CHARACTER_SET_RESULTS */;
/*!40101 SET @OLD_COLLATION_CONNECTION=@@COLLATION_CONNECTION */;
/*!40101 SET NAMES utf8 */;
/*!40103 SET @OLD_TIME_ZONE=@@TIME_ZONE */;
/*!40103 SET TIME_ZONE='+00:00' */;
/*!40014 SET @OLD_UNIQUE_CHECKS=@@UNIQUE_CHECKS, UNIQUE_CHECKS=0 */;
/*!40014 SET @OLD_FOREIGN_KEY_CHECKS=@@FOREIGN_KEY_CHECKS, FOREIGN_KEY_CHECKS=0 */;
/*!40101 SET @OLD_SQL_MODE=@@SQL_MODE, SQL_MODE='NO_AUTO_VALUE_ON_ZERO' */;
/*!40111 SET @OLD_SQL_NOTES=@@SQL_NOTES, SQL_NOTES=0 */;

--
-- Table structure for table `auth_assignment`
--

DROP TABLE IF EXISTS `auth_assignment`;
/*!40101 SET @saved_cs_client     = @@character_set_client */;
/*!40101 SET character_set_client = utf8 */;
CREATE TABLE `auth_assignment` (
  `item_name` varchar(64) COLLATE utf8_unicode_ci NOT NULL,
  `user_id` varchar(64) COLLATE utf8_unicode_ci NOT NULL,
  `created_at` int(11) DEFAULT NULL,
  PRIMARY KEY (`item_name`,`user_id`),
  CONSTRAINT `auth_assignment_ibfk_1` FOREIGN KEY (`item_name`) REFERENCES `auth_item` (`name`) ON DELETE CASCADE ON UPDATE CASCADE
) ENGINE=InnoDB DEFAULT CHARSET=utf8 COLLATE=utf8_unicode_ci;
/*!40101 SET character_set_client = @saved_cs_client */;

--
-- Dumping data for table `auth_assignment`
--

LOCK TABLES `auth_assignment` WRITE;
/*!40000 ALTER TABLE `auth_assignment` DISABLE KEYS */;
INSERT INTO `auth_assignment` (`item_name`, `user_id`, `created_at`) VALUES ('admin','2',1503905490);
/*!40000 ALTER TABLE `auth_assignment` ENABLE KEYS */;
UNLOCK TABLES;

--
-- Table structure for table `auth_item`
--

DROP TABLE IF EXISTS `auth_item`;
/*!40101 SET @saved_cs_client     = @@character_set_client */;
/*!40101 SET character_set_client = utf8 */;
CREATE TABLE `auth_item` (
  `name` varchar(64) COLLATE utf8_unicode_ci NOT NULL,
  `type` smallint(6) NOT NULL,
  `description` text COLLATE utf8_unicode_ci,
  `rule_name` varchar(64) COLLATE utf8_unicode_ci DEFAULT NULL,
  `data` blob,
  `created_at` int(11) DEFAULT NULL,
  `updated_at` int(11) DEFAULT NULL,
  PRIMARY KEY (`name`),
  KEY `rule_name` (`rule_name`),
  KEY `idx-auth_item-type` (`type`),
  CONSTRAINT `auth_item_ibfk_1` FOREIGN KEY (`rule_name`) REFERENCES `auth_rule` (`name`) ON DELETE SET NULL ON UPDATE CASCADE
) ENGINE=InnoDB DEFAULT CHARSET=utf8 COLLATE=utf8_unicode_ci;
/*!40101 SET character_set_client = @saved_cs_client */;

--
-- Dumping data for table `auth_item`
--

LOCK TABLES `auth_item` WRITE;
/*!40000 ALTER TABLE `auth_item` DISABLE KEYS */;
INSERT INTO `auth_item` (`name`, `type`, `description`, `rule_name`, `data`, `created_at`, `updated_at`) VALUES ('admin',1,NULL,NULL,NULL,1503905253,1503905253),('author',1,NULL,NULL,NULL,1503905253,1503905253),('createJob',2,'User can create a job',NULL,NULL,1503905253,1503905253),('updateJob',2,'User can update job',NULL,NULL,1503905253,1503905253),('updateOwnJob',2,'Update own job','isAuthor',NULL,1503905371,1503905371),('user',1,NULL,NULL,NULL,1503905253,1503905253);
/*!40000 ALTER TABLE `auth_item` ENABLE KEYS */;
UNLOCK TABLES;

--
-- Table structure for table `auth_item_child`
--

DROP TABLE IF EXISTS `auth_item_child`;
/*!40101 SET @saved_cs_client     = @@character_set_client */;
/*!40101 SET character_set_client = utf8 */;
CREATE TABLE `auth_item_child` (
  `parent` varchar(64) COLLATE utf8_unicode_ci NOT NULL,
  `child` varchar(64) COLLATE utf8_unicode_ci NOT NULL,
  PRIMARY KEY (`parent`,`child`),
  KEY `child` (`child`),
  CONSTRAINT `auth_item_child_ibfk_1` FOREIGN KEY (`parent`) REFERENCES `auth_item` (`name`) ON DELETE CASCADE ON UPDATE CASCADE,
  CONSTRAINT `auth_item_child_ibfk_2` FOREIGN KEY (`child`) REFERENCES `auth_item` (`name`) ON DELETE CASCADE ON UPDATE CASCADE
) ENGINE=InnoDB DEFAULT CHARSET=utf8 COLLATE=utf8_unicode_ci;
/*!40101 SET character_set_client = @saved_cs_client */;

--
-- Dumping data for table `auth_item_child`
--

LOCK TABLES `auth_item_child` WRITE;
/*!40000 ALTER TABLE `auth_item_child` DISABLE KEYS */;
INSERT INTO `auth_item_child` (`parent`, `child`) VALUES ('admin','author'),('author','createJob'),('admin','updateJob'),('updateOwnJob','updateJob'),('author','updateOwnJob');
/*!40000 ALTER TABLE `auth_item_child` ENABLE KEYS */;
UNLOCK TABLES;

--
-- Table structure for table `auth_rule`
--

DROP TABLE IF EXISTS `auth_rule`;
/*!40101 SET @saved_cs_client     = @@character_set_client */;
/*!40101 SET character_set_client = utf8 */;
CREATE TABLE `auth_rule` (
  `name` varchar(64) COLLATE utf8_unicode_ci NOT NULL,
  `data` blob,
  `created_at` int(11) DEFAULT NULL,
  `updated_at` int(11) DEFAULT NULL,
  PRIMARY KEY (`name`)
) ENGINE=InnoDB DEFAULT CHARSET=utf8 COLLATE=utf8_unicode_ci;
/*!40101 SET character_set_client = @saved_cs_client */;

--
-- Dumping data for table `auth_rule`
--

LOCK TABLES `auth_rule` WRITE;
/*!40000 ALTER TABLE `auth_rule` DISABLE KEYS */;
INSERT INTO `auth_rule` (`name`, `data`, `created_at`, `updated_at`) VALUES ('isAuthor','O:23:\"console\\rbac\\AuthorRule\":3:{s:4:\"name\";s:8:\"isAuthor\";s:9:\"createdAt\";i:1503905371;s:9:\"updatedAt\";i:1503905371;}',1503905371,1503905371);
/*!40000 ALTER TABLE `auth_rule` ENABLE KEYS */;
UNLOCK TABLES;

--
-- Table structure for table `category`
--

DROP TABLE IF EXISTS `category`;
/*!40101 SET @saved_cs_client     = @@character_set_client */;
/*!40101 SET character_set_client = utf8 */;
CREATE TABLE `category` (
  `id` int(11) NOT NULL AUTO_INCREMENT,
  `name` varchar(64) NOT NULL,
  `slug` varchar(64) NOT NULL,
  `meta_description` varchar(160) DEFAULT NULL,
  `created_at` datetime NOT NULL,
  `updated_at` datetime DEFAULT NULL,
  PRIMARY KEY (`id`),
  UNIQUE KEY `name` (`name`),
  UNIQUE KEY `slug` (`slug`)
) ENGINE=InnoDB DEFAULT CHARSET=latin1;
/*!40101 SET character_set_client = @saved_cs_client */;

--
-- Dumping data for table `category`
--

LOCK TABLES `category` WRITE;
/*!40000 ALTER TABLE `category` DISABLE KEYS */;
/*!40000 ALTER TABLE `category` ENABLE KEYS */;
UNLOCK TABLES;

--
-- Table structure for table `countries`
--

DROP TABLE IF EXISTS `countries`;
/*!40101 SET @saved_cs_client     = @@character_set_client */;
/*!40101 SET character_set_client = utf8 */;
CREATE TABLE `countries` (
  `id` int(11) NOT NULL AUTO_INCREMENT,
  `country_code` varchar(2) NOT NULL,
  `country_name` varchar(128) NOT NULL,
  PRIMARY KEY (`id`)
) ENGINE=InnoDB AUTO_INCREMENT=246 DEFAULT CHARSET=latin1;
/*!40101 SET character_set_client = @saved_cs_client */;

--
-- Dumping data for table `countries`
--

LOCK TABLES `countries` WRITE;
/*!40000 ALTER TABLE `countries` DISABLE KEYS */;
INSERT INTO `countries` (`id`, `country_code`, `country_name`) VALUES (1,'AF','Afghanistan'),(2,'AL','Albania'),(3,'DZ','Algeria'),(4,'DS','American Samoa'),(5,'AD','Andorra'),(6,'AO','Angola'),(7,'AI','Anguilla'),(8,'AQ','Antarctica'),(9,'AG','Antigua and Barbuda'),(10,'AR','Argentina'),(11,'AM','Armenia'),(12,'AW','Aruba'),(13,'AU','Australia'),(14,'AT','Austria'),(15,'AZ','Azerbaijan'),(16,'BS','Bahamas'),(17,'BH','Bahrain'),(18,'BD','Bangladesh'),(19,'BB','Barbados'),(20,'BY','Belarus'),(21,'BE','Belgium'),(22,'BZ','Belize'),(23,'BJ','Benin'),(24,'BM','Bermuda'),(25,'BT','Bhutan'),(26,'BO','Bolivia'),(27,'BA','Bosnia and Herzegovina'),(28,'BW','Botswana'),(29,'BV','Bouvet Island'),(30,'BR','Brazil'),(31,'IO','British Indian Ocean Territory'),(32,'BN','Brunei Darussalam'),(33,'BG','Bulgaria'),(34,'BF','Burkina Faso'),(35,'BI','Burundi'),(36,'KH','Cambodia'),(37,'CM','Cameroon'),(38,'CA','Canada'),(39,'CV','Cape Verde'),(40,'KY','Cayman Islands'),(41,'CF','Central African Republic'),(42,'TD','Chad'),(43,'CL','Chile'),(44,'CN','China'),(45,'CX','Christmas Island'),(46,'CC','Cocos (Keeling) Islands'),(47,'CO','Colombia'),(48,'KM','Comoros'),(49,'CG','Congo'),(50,'CK','Cook Islands'),(51,'CR','Costa Rica'),(52,'HR','Croatia (Hrvatska)'),(53,'CU','Cuba'),(54,'CY','Cyprus'),(55,'CZ','Czech Republic'),(56,'DK','Denmark'),(57,'DJ','Djibouti'),(58,'DM','Dominica'),(59,'DO','Dominican Republic'),(60,'TP','East Timor'),(61,'EC','Ecuador'),(62,'EG','Egypt'),(63,'SV','El Salvador'),(64,'GQ','Equatorial Guinea'),(65,'ER','Eritrea'),(66,'EE','Estonia'),(67,'ET','Ethiopia'),(68,'FK','Falkland Islands (Malvinas)'),(69,'FO','Faroe Islands'),(70,'FJ','Fiji'),(71,'FI','Finland'),(72,'FR','France'),(73,'FX','France, Metropolitan'),(74,'GF','French Guiana'),(75,'PF','French Polynesia'),(76,'TF','French Southern Territories'),(77,'GA','Gabon'),(78,'GM','Gambia'),(79,'GE','Georgia'),(80,'DE','Germany'),(81,'GH','Ghana'),(82,'GI','Gibraltar'),(83,'GK','Guernsey'),(84,'GR','Greece'),(85,'GL','Greenland'),(86,'GD','Grenada'),(87,'GP','Guadeloupe'),(88,'GU','Guam'),(89,'GT','Guatemala'),(90,'GN','Guinea'),(91,'GW','Guinea-Bissau'),(92,'GY','Guyana'),(93,'HT','Haiti'),(94,'HM','Heard and Mc Donald Islands'),(95,'HN','Honduras'),(96,'HK','Hong Kong'),(97,'HU','Hungary'),(98,'IS','Iceland'),(99,'IN','India'),(100,'IM','Isle of Man'),(101,'ID','Indonesia'),(102,'IR','Iran (Islamic Republic of)'),(103,'IQ','Iraq'),(104,'IE','Ireland'),(105,'IL','Israel'),(106,'IT','Italy'),(107,'CI','Ivory Coast'),(108,'JE','Jersey'),(109,'JM','Jamaica'),(110,'JP','Japan'),(111,'JO','Jordan'),(112,'KZ','Kazakhstan'),(113,'KE','Kenya'),(114,'KI','Kiribati'),(115,'KP','Korea, Democratic People\'s Republic of'),(116,'KR','Korea, Republic of'),(117,'XK','Kosovo'),(118,'KW','Kuwait'),(119,'KG','Kyrgyzstan'),(120,'LA','Lao People\'s Democratic Republic'),(121,'LV','Latvia'),(122,'LB','Lebanon'),(123,'LS','Lesotho'),(124,'LR','Liberia'),(125,'LY','Libyan Arab Jamahiriya'),(126,'LI','Liechtenstein'),(127,'LT','Lithuania'),(128,'LU','Luxembourg'),(129,'MO','Macau'),(130,'MK','Macedonia'),(131,'MG','Madagascar'),(132,'MW','Malawi'),(133,'MY','Malaysia'),(134,'MV','Maldives'),(135,'ML','Mali'),(136,'MT','Malta'),(137,'MH','Marshall Islands'),(138,'MQ','Martinique'),(139,'MR','Mauritania'),(140,'MU','Mauritius'),(141,'TY','Mayotte'),(142,'MX','Mexico'),(143,'FM','Micronesia, Federated States of'),(144,'MD','Moldova, Republic of'),(145,'MC','Monaco'),(146,'MN','Mongolia'),(147,'ME','Montenegro'),(148,'MS','Montserrat'),(149,'MA','Morocco'),(150,'MZ','Mozambique'),(151,'MM','Myanmar'),(152,'NA','Namibia'),(153,'NR','Nauru'),(154,'NP','Nepal'),(155,'NL','Netherlands'),(156,'AN','Netherlands Antilles'),(157,'NC','New Caledonia'),(158,'NZ','New Zealand'),(159,'NI','Nicaragua'),(160,'NE','Niger'),(161,'NG','Nigeria'),(162,'NU','Niue'),(163,'NF','Norfolk Island'),(164,'MP','Northern Mariana Islands'),(165,'NO','Norway'),(166,'OM','Oman'),(167,'PK','Pakistan'),(168,'PW','Palau'),(169,'PS','Palestine'),(170,'PA','Panama'),(171,'PG','Papua New Guinea'),(172,'PY','Paraguay'),(173,'PE','Peru'),(174,'PH','Philippines'),(175,'PN','Pitcairn'),(176,'PL','Poland'),(177,'PT','Portugal'),(178,'PR','Puerto Rico'),(179,'QA','Qatar'),(180,'RE','Reunion'),(181,'RO','Romania'),(182,'RU','Russian Federation'),(183,'RW','Rwanda'),(184,'KN','Saint Kitts and Nevis'),(185,'LC','Saint Lucia'),(186,'VC','Saint Vincent and the Grenadines'),(187,'WS','Samoa'),(188,'SM','San Marino'),(189,'ST','Sao Tome and Principe'),(190,'SA','Saudi Arabia'),(191,'SN','Senegal'),(192,'RS','Serbia'),(193,'SC','Seychelles'),(194,'SL','Sierra Leone'),(195,'SG','Singapore'),(196,'SK','Slovakia'),(197,'SI','Slovenia'),(198,'SB','Solomon Islands'),(199,'SO','Somalia'),(200,'ZA','South Africa'),(201,'GS','South Georgia South Sandwich Islands'),(202,'ES','Spain'),(203,'LK','Sri Lanka'),(204,'SH','St. Helena'),(205,'PM','St. Pierre and Miquelon'),(206,'SD','Sudan'),(207,'SR','Suriname'),(208,'SJ','Svalbard and Jan Mayen Islands'),(209,'SZ','Swaziland'),(210,'SE','Sweden'),(211,'CH','Switzerland'),(212,'SY','Syrian Arab Republic'),(213,'TW','Taiwan'),(214,'TJ','Tajikistan'),(215,'TZ','Tanzania, United Republic of'),(216,'TH','Thailand'),(217,'TG','Togo'),(218,'TK','Tokelau'),(219,'TO','Tonga'),(220,'TT','Trinidad and Tobago'),(221,'TN','Tunisia'),(222,'TR','Turkey'),(223,'TM','Turkmenistan'),(224,'TC','Turks and Caicos Islands'),(225,'TV','Tuvalu'),(226,'UG','Uganda'),(227,'UA','Ukraine'),(228,'AE','United Arab Emirates'),(229,'GB','United Kingdom'),(230,'US','United States'),(231,'UM','United States minor outlying islands'),(232,'UY','Uruguay'),(233,'UZ','Uzbekistan'),(234,'VU','Vanuatu'),(235,'VA','Vatican City State'),(236,'VE','Venezuela'),(237,'VN','Vietnam'),(238,'VG','Virgin Islands (British)'),(239,'VI','Virgin Islands (U.S.)'),(240,'WF','Wallis and Futuna Islands'),(241,'EH','Western Sahara'),(242,'YE','Yemen'),(243,'ZR','Zaire'),(244,'ZM','Zambia'),(245,'ZW','Zimbabwe');
/*!40000 ALTER TABLE `countries` ENABLE KEYS */;
UNLOCK TABLES;

--
-- Table structure for table `job`
--

DROP TABLE IF EXISTS `job`;
/*!40101 SET @saved_cs_client     = @@character_set_client */;
/*!40101 SET character_set_client = utf8 */;
CREATE TABLE `job` (
  `id` int(11) NOT NULL AUTO_INCREMENT,
  `title` varchar(128) NOT NULL,
  `slug` varchar(128) NOT NULL,
  `content` text NOT NULL,
  `created_at` datetime NOT NULL,
  `updated_at` datetime DEFAULT NULL,
  `created_by` int(11) NOT NULL,
  `updated_by` int(11) DEFAULT NULL,
  `category_id` int(11) NOT NULL,
  PRIMARY KEY (`id`),
  UNIQUE KEY `title` (`title`),
  UNIQUE KEY `slug` (`slug`),
  KEY `job_index` (`created_by`,`updated_by`),
  KEY `fk_job_category` (`category_id`),
  KEY `fk_job_user_updated_by` (`updated_by`),
  CONSTRAINT `fk_job_category` FOREIGN KEY (`category_id`) REFERENCES `category` (`id`) ON DELETE CASCADE ON UPDATE CASCADE,
  CONSTRAINT `fk_job_user_created_by` FOREIGN KEY (`created_by`) REFERENCES `user` (`id`) ON DELETE CASCADE ON UPDATE CASCADE,
  CONSTRAINT `fk_job_user_updated_by` FOREIGN KEY (`updated_by`) REFERENCES `user` (`id`) ON DELETE CASCADE ON UPDATE CASCADE
) ENGINE=InnoDB DEFAULT CHARSET=latin1;
/*!40101 SET character_set_client = @saved_cs_client */;

--
-- Dumping data for table `job`
--

LOCK TABLES `job` WRITE;
/*!40000 ALTER TABLE `job` DISABLE KEYS */;
/*!40000 ALTER TABLE `job` ENABLE KEYS */;
UNLOCK TABLES;

--
-- Table structure for table `job_tag`
--

DROP TABLE IF EXISTS `job_tag`;
/*!40101 SET @saved_cs_client     = @@character_set_client */;
/*!40101 SET character_set_client = utf8 */;
CREATE TABLE `job_tag` (
  `id` int(11) NOT NULL AUTO_INCREMENT,
  `job_id` int(11) NOT NULL,
  `tag_id` int(11) NOT NULL,
  PRIMARY KEY (`id`),
  KEY `job_tag_index` (`job_id`,`tag_id`),
  KEY `fk_job_tag_tag` (`tag_id`),
  CONSTRAINT `fk_job_tag_job` FOREIGN KEY (`job_id`) REFERENCES `job` (`id`) ON DELETE CASCADE ON UPDATE CASCADE,
  CONSTRAINT `fk_job_tag_tag` FOREIGN KEY (`tag_id`) REFERENCES `tag` (`id`) ON DELETE CASCADE ON UPDATE CASCADE
) ENGINE=InnoDB DEFAULT CHARSET=latin1;
/*!40101 SET character_set_client = @saved_cs_client */;

--
-- Dumping data for table `job_tag`
--

LOCK TABLES `job_tag` WRITE;
/*!40000 ALTER TABLE `job_tag` DISABLE KEYS */;
/*!40000 ALTER TABLE `job_tag` ENABLE KEYS */;
UNLOCK TABLES;

--
-- Table structure for table `migration`
--

DROP TABLE IF EXISTS `migration`;
/*!40101 SET @saved_cs_client     = @@character_set_client */;
/*!40101 SET character_set_client = utf8 */;
CREATE TABLE `migration` (
  `version` varchar(180) NOT NULL,
  `apply_time` int(11) DEFAULT NULL,
  PRIMARY KEY (`version`)
) ENGINE=InnoDB DEFAULT CHARSET=latin1;
/*!40101 SET character_set_client = @saved_cs_client */;

--
-- Dumping data for table `migration`
--

LOCK TABLES `migration` WRITE;
/*!40000 ALTER TABLE `migration` DISABLE KEYS */;
INSERT INTO `migration` (`version`, `apply_time`) VALUES ('m000000_000000_base',1503873520),('m130524_201442_init',1503873556),('m140506_102106_rbac_init',1503905063),('m170827_083306_create_tag_table',1503873556),('m170827_083625_create_category_table',1503873556),('m170827_083850_create_job_table',1503873557),('m170827_084337_create_job_tag_table',1503873557),('m170827_150013_create_countries_table',1503873620),('m170827_150023_create_profile_table',1503873732),('m170827_150050_create_profile_education_table',1503873732),('m170827_150113_create_profile_experience_table',1503873732),('m170827_151435_create_profile_language_table',1503873732);
/*!40000 ALTER TABLE `migration` ENABLE KEYS */;
UNLOCK TABLES;

--
-- Table structure for table `profile`
--

DROP TABLE IF EXISTS `profile`;
/*!40101 SET @saved_cs_client     = @@character_set_client */;
/*!40101 SET character_set_client = utf8 */;
CREATE TABLE `profile` (
  `id` int(11) NOT NULL AUTO_INCREMENT,
  `user_id` int(11) NOT NULL,
  `country_id` int(11) NOT NULL,
  `dob` datetime NOT NULL,
  `expected_salary` int(11) NOT NULL,
  `description` text NOT NULL,
  PRIMARY KEY (`id`),
  KEY `profile_index` (`user_id`,`country_id`,`dob`,`expected_salary`),
  KEY `fk_profile_country` (`country_id`),
  CONSTRAINT `fk_profile_country` FOREIGN KEY (`country_id`) REFERENCES `countries` (`id`) ON DELETE CASCADE ON UPDATE CASCADE,
  CONSTRAINT `fk_profile_user` FOREIGN KEY (`user_id`) REFERENCES `user` (`id`) ON DELETE CASCADE ON UPDATE CASCADE
) ENGINE=InnoDB DEFAULT CHARSET=latin1;
/*!40101 SET character_set_client = @saved_cs_client */;

--
-- Dumping data for table `profile`
--

LOCK TABLES `profile` WRITE;
/*!40000 ALTER TABLE `profile` DISABLE KEYS */;
/*!40000 ALTER TABLE `profile` ENABLE KEYS */;
UNLOCK TABLES;

--
-- Table structure for table `profile_education`
--

DROP TABLE IF EXISTS `profile_education`;
/*!40101 SET @saved_cs_client     = @@character_set_client */;
/*!40101 SET character_set_client = utf8 */;
CREATE TABLE `profile_education` (
  `id` int(11) NOT NULL AUTO_INCREMENT,
  `profile_id` int(11) NOT NULL,
  `institution` varchar(128) NOT NULL,
  `course` varchar(128) NOT NULL,
  `date_from` datetime NOT NULL,
  `date_to` datetime NOT NULL,
  PRIMARY KEY (`id`),
  KEY `profile_education_index` (`profile_id`,`institution`,`course`,`date_from`,`date_to`),
  CONSTRAINT `fk_profile_education_profile` FOREIGN KEY (`profile_id`) REFERENCES `profile` (`id`) ON DELETE CASCADE ON UPDATE CASCADE
) ENGINE=InnoDB DEFAULT CHARSET=latin1;
/*!40101 SET character_set_client = @saved_cs_client */;

--
-- Dumping data for table `profile_education`
--

LOCK TABLES `profile_education` WRITE;
/*!40000 ALTER TABLE `profile_education` DISABLE KEYS */;
/*!40000 ALTER TABLE `profile_education` ENABLE KEYS */;
UNLOCK TABLES;

--
-- Table structure for table `profile_experience`
--

DROP TABLE IF EXISTS `profile_experience`;
/*!40101 SET @saved_cs_client     = @@character_set_client */;
/*!40101 SET character_set_client = utf8 */;
CREATE TABLE `profile_experience` (
  `id` int(11) NOT NULL AUTO_INCREMENT,
  `profile_id` int(11) NOT NULL,
  `company` varchar(128) NOT NULL,
  `profession` varchar(128) NOT NULL,
  `date_from` datetime NOT NULL,
  `date_to` datetime NOT NULL,
  PRIMARY KEY (`id`),
  KEY `profile_experience_index` (`profile_id`,`company`,`profession`,`date_from`,`date_to`),
  CONSTRAINT `fk_profile_experience_profile` FOREIGN KEY (`profile_id`) REFERENCES `profile` (`id`) ON DELETE CASCADE ON UPDATE CASCADE
) ENGINE=InnoDB DEFAULT CHARSET=latin1;
/*!40101 SET character_set_client = @saved_cs_client */;

--
-- Dumping data for table `profile_experience`
--

LOCK TABLES `profile_experience` WRITE;
/*!40000 ALTER TABLE `profile_experience` DISABLE KEYS */;
/*!40000 ALTER TABLE `profile_experience` ENABLE KEYS */;
UNLOCK TABLES;

--
-- Table structure for table `profile_language`
--

DROP TABLE IF EXISTS `profile_language`;
/*!40101 SET @saved_cs_client     = @@character_set_client */;
/*!40101 SET character_set_client = utf8 */;
CREATE TABLE `profile_language` (
  `id` int(11) NOT NULL AUTO_INCREMENT,
  `profile_id` int(11) NOT NULL,
  `language_name` varchar(128) NOT NULL,
  PRIMARY KEY (`id`),
  KEY `profile_language_index` (`profile_id`,`language_name`),
  CONSTRAINT `fk_profile_language_profile` FOREIGN KEY (`profile_id`) REFERENCES `profile` (`id`) ON DELETE CASCADE ON UPDATE CASCADE
) ENGINE=InnoDB DEFAULT CHARSET=latin1;
/*!40101 SET character_set_client = @saved_cs_client */;

--
-- Dumping data for table `profile_language`
--

LOCK TABLES `profile_language` WRITE;
/*!40000 ALTER TABLE `profile_language` DISABLE KEYS */;
/*!40000 ALTER TABLE `profile_language` ENABLE KEYS */;
UNLOCK TABLES;

--
-- Table structure for table `tag`
--

DROP TABLE IF EXISTS `tag`;
/*!40101 SET @saved_cs_client     = @@character_set_client */;
/*!40101 SET character_set_client = utf8 */;
CREATE TABLE `tag` (
  `id` int(11) NOT NULL AUTO_INCREMENT,
  `name` varchar(64) NOT NULL,
  `created_at` datetime NOT NULL,
  `updated_at` datetime DEFAULT NULL,
  PRIMARY KEY (`id`),
  UNIQUE KEY `name` (`name`)
) ENGINE=InnoDB DEFAULT CHARSET=latin1;
/*!40101 SET character_set_client = @saved_cs_client */;

--
-- Dumping data for table `tag`
--

LOCK TABLES `tag` WRITE;
/*!40000 ALTER TABLE `tag` DISABLE KEYS */;
/*!40000 ALTER TABLE `tag` ENABLE KEYS */;
UNLOCK TABLES;

--
-- Table structure for table `user`
--

DROP TABLE IF EXISTS `user`;
/*!40101 SET @saved_cs_client     = @@character_set_client */;
/*!40101 SET character_set_client = utf8 */;
CREATE TABLE `user` (
  `id` int(11) NOT NULL AUTO_INCREMENT,
  `username` varchar(255) COLLATE utf8_unicode_ci NOT NULL,
  `auth_key` varchar(32) COLLATE utf8_unicode_ci NOT NULL,
  `password_hash` varchar(255) COLLATE utf8_unicode_ci NOT NULL,
  `password_reset_token` varchar(255) COLLATE utf8_unicode_ci DEFAULT NULL,
  `email` varchar(255) COLLATE utf8_unicode_ci NOT NULL,
  `status` smallint(6) NOT NULL DEFAULT '10',
  `created_at` int(11) NOT NULL,
  `updated_at` int(11) NOT NULL,
  PRIMARY KEY (`id`),
  UNIQUE KEY `username` (`username`),
  UNIQUE KEY `email` (`email`),
  UNIQUE KEY `password_reset_token` (`password_reset_token`)
) ENGINE=InnoDB AUTO_INCREMENT=3 DEFAULT CHARSET=utf8 COLLATE=utf8_unicode_ci;
/*!40101 SET character_set_client = @saved_cs_client */;

--
-- Dumping data for table `user`
--

LOCK TABLES `user` WRITE;
/*!40000 ALTER TABLE `user` DISABLE KEYS */;
INSERT INTO `user` (`id`, `username`, `auth_key`, `password_hash`, `password_reset_token`, `email`, `status`, `created_at`, `updated_at`) VALUES (2,'test','guRwKv4QgJyQrBZx_ARqPuZ-uXFeoxp3','$2y$13$s1sCdH3LruGdXRoRLPXxQ.O0F.JgpRYFLbPO9VWx.T6RkMfDDbEV2',NULL,'test@test.com',10,1503905490,1503905490);
/*!40000 ALTER TABLE `user` ENABLE KEYS */;
UNLOCK TABLES;

--
-- Dumping events for database 'recruiter'
--

--
-- Dumping routines for database 'recruiter'
--
/*!40103 SET TIME_ZONE=@OLD_TIME_ZONE */;

/*!40101 SET SQL_MODE=@OLD_SQL_MODE */;
/*!40014 SET FOREIGN_KEY_CHECKS=@OLD_FOREIGN_KEY_CHECKS */;
/*!40014 SET UNIQUE_CHECKS=@OLD_UNIQUE_CHECKS */;
/*!40101 SET CHARACTER_SET_CLIENT=@OLD_CHARACTER_SET_CLIENT */;
/*!40101 SET CHARACTER_SET_RESULTS=@OLD_CHARACTER_SET_RESULTS */;
/*!40101 SET COLLATION_CONNECTION=@OLD_COLLATION_CONNECTION */;
/*!40111 SET SQL_NOTES=@OLD_SQL_NOTES */;

-- Dump completed on 2017-08-28 11:00:27
